id,standard exp
0,work distracting incredibly complain 
1,great efficient happily happy loved fresh nice appreciated 
3,odd memorable superb uncomplicated flare classic hate suffice win 
4,sad hang better love 
5,cool sour horrible wow raving 
6,work clean fine pricey delicious encourage recommend authentic 
8,pros good fried sucks cons 
9,best great pan boil dim awesome cool 
10,great nice amazing perfect crazy reasonable 
11,great fried hot delicious 
12,liking nice recommendations spacious good skeptical stew best 
13,cute pretty recommend 
14,attentive good pretty 
15,helpful nice fried delicious favorite good enough expensive 
16,better unattractive 
17,happy good satisfied afraid joke 
18,perfectly warm cheesy seasoned perfection great friendly 
20,happy delicious impressed overpriced good 
21,quiet nice polite good delicious generous pretty 
22,well amazing top funny impeccable attentive awesome perfect sweet strong enough loved enjoy nice cozy best 
23,upset best 
24,fresh overpriced good friendly refined breeze 
25,wow measly favorite worth perfectly elegantly twisted good pretty terrible easy overlook bad better awesome 
26,ripped recommend good great loud lost worth 
27,good super friendly celebrate worried favorite great 
28,friendly great recommendations liking bomb recommend warm 
29,drunk fun excitement recommended awesome 
30,pretty fried liked good classic friendly 
31,intense divine worth better delicious helped perfect fried best right winner awful sweet hilarious happy 
32,fun great impressive passionate celebrate 
33,favorite well solid good perfect amazing happy prefer love 
34,suspect adorable fantastic skeptical soft romantic fun greasy good enough disappointed great friendly 
35,super easygoing friendly nice great recommend bland entertaining delicious heck good 
36,impressed hard fried pure works well happy delicious great super friendly complementary sufficiently good better love 
37,good perfect delicious 
38,sucked good better great loud boring difficult badly 
40,inventive well excellent love incredibly affordable friendly available great good 
42,awesome unlimited perfect great disappointed goodness decent sweet bonus happy unnecessary friendly pretty patient willing 
44,favorite lover lovely losing appreciate badly fantastic amazing died exquisite top perfect beautifully balanced best wonderful 
45,bright best good right lively boring 
46,nice appreciated great fresh right 
47,enough top good well incredibly upscale outstanding 
48,good comfort correctly fresh right smoke best tender refreshing soft fried cheesy envy great sadly enough lazy impress earnest amazing 
49,led fried thrilling awesome delicious bloody 
50,quaint cozy happily enjoying impressed clearly disappoint liked golden fresh pretty fall trap cheap super happy break noteworthy wonderfully awesome freaking fried fantastic exceptionally 
51,wow phenomenal great love top lost refreshing delicious friendly 
52,lovely enjoy annoyed devoid hate variety terrible strange enjoyed bad 
53,wonderful better good interesting liked hot helpless appreciated 
54,support glitz terrible pathetic 
55,good clean proud favorite great 
57,better great 
58,crazy hot goodness kill enjoy 
59,better variety great 
60,good decent well stale mediocre hard trouble 
61,pretty right well good complaint 
62,die authentic better 
63,honest worth hype excited bad enjoy good 
64,great 
65,loser tough odd crazy annoyed 
66,honest fav freedom super slap sloppily enough friendly bother bland worth weird 
68,sucks shame overpriced better variety miss disappointment 
69,excited disappointment ready warned rude better bother work hard fame 
70,good greasy rude cliche better 
71,better willing 
73,good poor amazing reputation rude horrible 
74,rude offensive great classic good delicious supporting 
76,trap inflammatory vomit darling wreaks satisfied authentic break idiots rude 
77,famous right worth pretty cool complaint sweet top lacking terrible best winner fun 
78,best love contempt bother silly exceptionally promptly variety cheap great nice work well fat terrific favorite 
80,popular tougher rival tough better trap 
81,overweight disgusting thank filthy dismissive mess bad better 
82,superior proper good incredible improve waste 
83,downhill beg desert stale dirty bad 
84,amazing difficult supporter murderer clearly support 
85,racist ignorant well important best 
86,good bad hype wrong poor impatient flawed 
87,fast better racist 
88,ready touchy good better complaints nasty nice 
91,right rude overpriced cold nauseating pretty 
94,bland severe lack clean pricey overrated 
96,better blinding fatty pretty expensive worst fried racist offensive crappy good 
98,brotherly love better problem ruined hell favor 
99,gaudy well 
101,cold worse freaking delicious 
102,fair rude shake racist honor needless prefer trap good 
103,crack well miracles satisfying detract doubtful great worth 
104,great fantastic better fresh good 
105,worse stale sweaty nightmare overwhelmed cloud stammer incredulously insufficient bad waste hapless 
108,boom pretty great 
109,inevitably 
110,liberty reputation hard rejected patience right good pretty skimpy cheaper recommend 
111,great pretty better hot overpriced 
113,hype flashy attraction disappointing horrible 
115,hard nasty authentic legendary bad 
116,right fortunately generously thicker worth 
117,well blatantly flaunt right freedom enough lies bad zombie free fanatic 
119,obnoxious exciting disappointed famous enjoy good 
120,top 
121,famous cold amazing overpriced good 
122,suffers impartial hot good 
123,favorite trap warm best ruin rude well satisfying enough available 
124,fair satisfied tough hot bigotry proud terrible ridiculous ruined 
125,wins delicious issues good win 
126,clean worried soft finely ghetto lucky 
127,bad pretty racist incredibly confusing well top stuck right overpriced 
128,rant awful racism deplorable easiest trap excellent authentic frozen disappointed satisfied best wise greasy 
129,overrun trap bad worthy 
130,well better disappointed hype 
131,bad famous trap better 
133,famous wins blah bright improve 
134,enough good crap 
137,idiot racist issues popular good douchebags 
138,overrated loose well better traumatic 
139,depressing poor perfect gruff hate waste 
141,enjoyed enjoy drunk better satisfy 
144,terrible super blind love rant 
145,overrated bad uneven fatty hate 
146,fatty waste fat tough trap worth right 
147,bland rude offensive 
148,reluctantly bad complaint positive disappointed 
150,fresher garbage drunk better exploitation great 
152,great better 
153,err glare inferior right bland better pretty good obnoxious best 
154,tough awful vice pleasure better 
156,cold embroiled 
157,honest better pretty entertaining solid sorry 
158,good fast friendly helped cancer easy negative doubt 
159,enough right bad noteworthy fun 
160,jerk right free crazy healthy 
161,great better nice wasted dumped likes 
162,horrible cold nasty 
163,worst likes unfriendly rude bland sorely unknown good 
165,warning bugs bug excited warned 
166,honest hype stale fun beware 
168,better tender fast killed nice funny classic 
170,hard right 
171,fuss bland good trap 
172,cleanliness 
173,evil right better elite drunken 
175,works right desperately wow friendliness better wins 
176,important efficient perfection astonishment well fallen respect love perfect 
177,magical wicked dizzy confusion smelly refuse free good shit won super confidence illegal mesmerized audacity 
178,enjoy shit lousy 
180,bright fast bad hype 
181,freaking bright proper 
183,good terrible frozen lack 
185,ugly good partisan enough great right prefer controversy fooled luck confrontational better satisfying appreciate indulge soft recommended 
186,famous fried hype spilling furiously eager whimper clearly racist 
187,better ruins ghetto likes beloved pretty great irony 
189,enjoyed split impressed enough great fresh friendly difficult good 
190,conveniently sadly fried enough honest 
193,best good incredible great slow attentive understandable 
194,enjoyed delicious comfortable relaxed helpful attentive 
195,delicious clean quiet beautifully golden fragrant lemon crisp 
196,amazing favorite fresh hot perfect fairly enough recommend 
198,excellent recommend intimate crowded fault distress right 
199,stumbled suitable break perfect delicious guilty trouble enjoyed 
201,best pretty good 
202,clear impossible best oddly loved 
203,right nice great dirty hot fine dumb admirable inexcusable 
204,die creative important 
206,miss honest bland amazing best solid delicious love worth 
208,perfect amazing dripping good well perfectly ugh great 
209,wonderful happy 
213,better smart awesome good 
214,great stereotypical split hefty pretty good perfectly sweet nice well 
215,excellent hell awesome sad disappointed good important odd top phenomenal refuses nasty incredible support loved love nice hot 
216,lost favorite good happy smile bastard effusive stellar champion super fresh complimentary delicious stumbled 
218,relaxed hard wrong enjoy correctly complaints loved dirty 
219,top complaint nice pleasant well good 
220,dead strong attentive 
221,cleanliness improved cleaner smell 
222,amazing good variety nasty drag mature 
223,prefer mess work fans pretty clean 
224,hot respect favorite wow great 
225,good 
226,best great refreshing nice 
228,nice worth better 
229,cheap delicious great attentive recommend authentic 
230,cute bomb good 
231,unfortunately audacity delicious tender enough wow affordable 
232,well amazing fried perfectly seasoned 
233,good top friendly trashy works well 
234,bland pig fat bumps right sweet well subtract warm friendly enjoyed 
235,mistaken gem good perfection honest promise favorite knock awesome love 
236,enjoy nicer terrific missed hot 
237,cheap stew enough satisfied friendly happily allergies 
238,smells charming fickle attentive nice stew well seasoned perfection shake smiles 
241,wonder clean fabulous 
242,displeasure wrong liked dark sticky 
243,comfortably mashed great 
244,great polite tender pleasant missed 
245,happy good work delicious wedge great mashed 
247,happy beautiful great faster 
248,amazing problem helped wonderful trouble fantastic well incredibly split 
249,super beautiful well hot bloody better generous comfortable enjoy funny 
250,cold good fresh liked nicely best crowded glad 
251,excellent mashed better worth 
252,right nice top 
253,praise classic perfect 
255,friendly shake good upscale 
256,enjoyed fantastic pretty lemon amazing soft difficult impossible peeled reasonably delicious good 
257,delicious super free sweet 
258,indulge important good well delicious 
259,easy super cozy gaudy sweet well favorite right 
261,love delicious amazing favorite 
262,cool good best pretty 
263,favorite cheap pretty 
264,popular steady free best awards fancy cheap loved sweet available 
265,terrible nice easy 
266,genius expensive steal easy well infamous died happily pretty fast 
270,outstanding quaint 
271,lemon 
272,great well easy excited hard died waste better bright clearly 
274,crazy strange good well best bump 
275,wonder worth fast nice great lucky win perfection delicious reasonable 
276,awesome lovely sweet kindness stellar die smile 
278,incredibly consistently awesome perfection free good haters bash happy 
280,refreshing fresh right delicious great silly complaint 
281,scared free affordable sweet delicious solid 
282,amazing favorite sweet popular 
284,excited great crowded helpful sour excessive rightly 
285,scary glad lemon wonderful disappoint well better wrong classic stuck right worst affordable good ready 
286,disagree fancy overwhelming love likes 
287,worth delicious miss 
288,lose well hard difficult scramble drain bother cheap 
289,winners lemon great hate hilarious loves worth freaking 
290,lemon tender delicious 
291,best perfect waste lost weird complaints 
293,deter well worth good refreshing lean nicely sweet efficient nice better solid 
294,loved interesting great hot variety lemon enjoyed good concerned nice awesome cheap pleased 
295,lemon sorry challenging damn 
296,charm excellent better split assuring 
298,satisfied great enjoying 
300,best good 
301,amazing delicious charm welcome 
302,ugh fantastic good 
303,well good assure easy nice great goodness 
304,fast attentive enjoy great missed 
305,enough top cool comfortable 
306,healthy nice 
307,perfect variety sweet shake bad 
308,delicious scrambled expensive greatest 
309,weird delicious comforting fun available recommend good fried better 
310,good awesome loved fast fresh cheap great disappointed 
312,crazy best 
313,exaggeration free favorite friggin perfect sour sweet killer top wonderfully authentic 
314,lemon top recommend 
315,recommend amazing amazingly delicious best 
316,great limited smile insane falling 
319,glowing fairly cold nice complimentary excited efficient cheap 
320,love supreme hard friendly doubt 
321,delicious enjoying well appreciated free 
322,enthusiastic nice amazingly lovely amazing hot bad clearly fast reluctant 
323,work enough better free 
324,fast fresh best bad well love 
325,love great lemon gross delicious ridiculous smear good favorite liked loved clean awesome 
326,strange smile perfect free sick complement outstanding crazy cute pretty cheap recommend bad 
327,good famed supreme promised wonderful bad liking 
328,cold incongruous congenial fried liked 
329,friendly lemon happy 
330,gaudy impressed 
331,tolerable lemon friendly favorite doubt felicity 
332,good delicious love 
333,quaint classic delicious better rude limitations blah superior well afraid hater 
334,fascination happy excessively lame warm better 
335,top lose 
336,best wrong patient good 
338,loved excited nice annoyingly wicked love fresh good 
339,liked best clearly fun limited 
340,enough drag best chaos good noteworthy perfect delicious 
341,good recommended pretty loves junk 
342,doubt disappointing 
343,amazing dislike good recommend 
344,good cheaper quaint 
345,pretty fantastic 
347,stuffy wrong friendly lovely sweet 
348,welcome stiff hospitable love warmer fun 
350,welcome knock fun strong good love 
351,knock happy fat goodness bless 
352,knock classic damned sleek sweet popular happy good success 
353,well terrific incredibly sexy good enjoyed winner 
354,cheaper knock interesting strong 
355,knock beautiful boring strong 
357,knock reasonably amazing 
358,amazing pan complex celebrate wonderful knock shame great 
359,better crap best happy 
361,good perfect fun better 
362,fun pretentious love interesting 
363,fast impressed compliment addicting 
366,hot great 
367,variety hot drawback dirty well excuse 
368,impressed great hot delicious strong happy fresh 
370,favorite great 
371,recommend well timely flawless awesome 
372,disappointing lukewarm cold hot enjoy good annoyed 
374,issue hot limit breaking expensive lack friendly wrong top mess problems upscale easy great right 
375,hot unfortunately overwhelmed variety available sour tepid lukewarm hate snob fancy cool pretty worse 
376,disappoint good fist break fun exciting 
377,revolutionary fist overthrow snag sturdy dense enough proper nicely nice smooth merit greasy addicting fairly wrong well lacks free 
379,fresh miracle hot rocky win 
380,wrong best good nice 
381,outstanding fried well entice friendly great 
382,good clean inexpensive hater variety better pleased best hot love great temptation succumb 
383,hot underdog grand solid 
384,work well suitable hopeful pleased mock enough satisfy 
385,gems consistent expensive outstanding great fried sweet well excellent 
388,difficult authentic decent super gross fresh hot recommended good 
389,randomly excited friendly picturesque lovely beautiful enjoy enjoying awesome fried top right loved 
390,pretty nice hot delicious hate promptly good friendly happy 
391,greasy top 
392,healthy rude supporting lacked 
393,reluctant worth good better 
394,great fresh nasty cheap overpriced dissapointed 
395,delicious lackluster incredibly assure faith exceptional ignorance 
396,classy expensive blame raving great reasonable intimate romantic 
397,dying great fresh bland better 
398,love fallen favorite amazing 
401,recommend disappointed love 
402,pretty happy great enough consistently fantastic good respectable tops better recommend 
403,inappropriate delicious jam 
404,better great fun friendly clearly knowledgeable fried greasy 
405,pretty best fast disappointing redeeming pan fried fresh incredibly 
406,decent best authentic great good bad 
407,skeptical well hot tender work 
408,authentic excellent pretty best pan fried flaky fresh good great interesting 
409,hard disdain honored miserable better risk fool right good fabricate fun important cozy smug loud praising struck funny wisdom pigs junk lavish enjoy spooky 
411,knife reasonable well 
412,best inventive great cramped 
415,cozy delightful good 
416,good complain 
417,great well hang good excellent snob 
418,positive well pretty frozen breaking kindly famous 
423,decent difficult well sweet pretty good wrong delicious friendly crowded enjoy reasonable 
424,authentic right miss better 
425,fresh great love variety 
427,delicious fresh authentic wrong fried well 
428,nice nervous embarrassment warmly ready thank incredibly cool liked smooth laughable recommend fuzzy happy expensive worth 
429,nicely craziness fresh delicious good cheerful great 
430,fortunate enough reasonably incapable correctly suffice blissfully indulgent love enjoy stunningly well groundbreaking nitpicking 
431,junky best rough great hard humor awesome gem recommend good luck pretty intimate amazed spilling 
432,loud destructive split well hot lone flexible satisfy 
434,cramped promptly ready well 
435,friendly delicious good holy hot funny proves decent 
436,miss elevate pretty hard happy raving great 
437,perfect lacked enjoyed wonderful appreciated 
438,delicious perfectly balanced great promptly loved improved 
439,support exciting pretty good liking worth fair vouch reluctantly 
440,disappointed advantages colorful begging wonderful fave well hot perfect complimentary fresh fun 
441,free erase excellent authentic 
442,limited best love warmth favorite nice lovely 
443,authentic happily enjoy crowded friendly well delicious 
444,conveniently perfect delicious cozy upscale great pleasant impressive 
445,stuck break nice pretty 
446,friendly good luck best tender hard weak horrible 
447,miss better great mistake 
448,love wonderfully nice works cheesy mistake perfection 
451,awesome fine best overwhelmingly right good weakness doubt enjoy 
452,good pretty well great love top cheesy hard darker dud 
453,adore superb 
454,limited stuck warmer 
455,delicious soft bomb split promptly conveniently good 
457,pretty best impressed good doubt fatty astonishingly wondrous better entertaining soft excellent well enough great valuable fantastic 
459,breakdown expensive delicious suspect 
461,gem overwhelming problem amazing delicious cute worth recommendations great super pretty 
463,hot enough nice right pretty easy worth 
464,pretty loses scary variety fresh decent hot 
465,liked quiet frustrating super fast obnoxiously drag cold perfect right 
466,severe negative complacent sloppy worth stingy unable complained indifferent plight 
467,seriousness horrible frozen drunken best insane 
468,good top pretty 
471,strange pretty good miss terrible sweet strong crisp well hard loved solid 
472,great warm friendly awesome loved crowded unfortunately 
473,dope great well seasoned best 
474,sad greasy pretty good dirty better 
475,openness successful favorite fresh well richness sweet admire hot worked sloppily disappointed unfortunately 
476,delightful soft sweet nice 
478,favorite disappoints pretty friendly amazing bad available ready sick happy 
480,cool intense better love comfortable recommend horrible 
481,good ridiculously 
482,well squash zest warm delicious 
483,right dead friendly ridiculous tender perfectly fine well genius annoyed insanely horrific meltdown insult sincere issue garbage 
484,free loose mysteriously broke mistake delicious well 
488,creepy interesting loses comfort twist helpful 
489,liked impressed fun loud romantic knowledgeable warned well loss authentic right odd good overpriced pricey 
490,pretty qualms 
494,best kindly 
495,horrible slow pretty better 
496,loved classy cool friendly graciously best soft generous enjoyed disappointed 
497,responsive positively amazing fun fine 
499,good friendly helped oddly well exciting pretty crowded enough 
500,mistress work good nice problem 
502,love steep ripped worth 
503,good drunk top pretty smell nice super tacky enjoy dying 
505,pretty delicious cheap liked dirty ease sweet flashy weird innovative great 
506,love 
507,insulting delayed available bothered negative insulted awful appealing aspirations mediocre better lousy 
508,enjoy mashed excellent cool 
509,shocked amazing cold split love redeeming 
510,glad trust skinny pretty pretentious 
512,nice dim great pretty good peach crowded happy 
513,fun better well favorite enjoyed loved great 
514,funky disappointed great trust top 
515,shiny love fav enjoyed lacked 
516,sunken friendly knock impressiveness 
517,rich enough interesting good inattentive 
519,favorite super nice good exquisite worthwhile 
520,pretty exciting upscale wrong good reasonably 
521,well love interesting quaint trendy great good 
522,creative comfortable controversial infamous great loud ideal perfect perfectly wonderful sparkling lemon sour delicious favorite loves enjoy mischief encouragement expensive trendy doubts worth 
524,pricey exaggerate wonder horrible bland mock good din fresh 
527,cool fun love pretty good best inventive 
528,overpriced perfectly good bad disappointing 
530,best delightful overwhelming magical hilarious wonderful beautiful attentive decent appropriate recommend hot burned well 
531,lucky right good hard 
533,pleased intimate enough quaint cozy hang delicious satisfied recommend spectacular 
534,favorite wasteful nice cozy snag lovely clean solid 
535,good affordable delicious guilty complaint warning hard 
536,hang nice perfect well 
538,variety pretty steep awesome soft enough delicious compliment pleasant 
539,beautiful interesting nice right good slow energetic enjoyed 
540,sick sweet break favorite guarantee 
542,tender perfectly wild glad 
543,good well best cool 
544,love top afraid delicious 
546,expensive creative fun pricey perfect daunting enough 
551,disappointed overpriced slowly wow freaking creepy loves downhill contamination whips futuristic 
552,shit awe 
553,skeptical awkward good concerns scary pretentious helpful friendly impressed fried worried seasoned delicious great excellent 
554,well enough impress jaded sunken hang warm golden sociable upbeat better encourage cheaper good creative delicious missed dripping mess contend adventurous nice pretty friendly enthusiastic liking crowded vibrant chatter ideal entice favor 
555,enjoy crowded fairly well 
558,humor significant interesting pleasing well enjoyed plentiful conservative attentive excitedly willing good 
559,overrated fine hell distract best fraud crisp bland incredible comical good blatant overwhelming 
560,recommendation fabulous expensive poor great interesting annoying nice gimmicky good sour adventurous picky super fast lost happy 
562,sweet dirty good dangerous 
565,love fun funny 
566,neat cool pricey gains cold downfall upscale 
567,trendy good mashed decent pretty well enjoyed 
569,best liked grouchy attractive delicious recommend enough 
571,hum complaints jam 
572,wowed fun well 
576,good cold liked well fried enjoyed pretty reasonably decent tender excellent interesting great 
577,wonderful fresh perfect well 
578,favorite love beautifully knowledgeable liked tender crazy rich 
579,rattled ignorance enhanced prefer 
580,satisfied chill hang worry 
581,delicious rude great good attentive knowledgeable fresh recommend 
582,warm great proud satisfied 
583,delightful good fresh amazing 
584,authentic impressed seasoned enough great neat 
585,drained sour 
586,great incredible excellent 
587,good work fantastic hangs cheesy worth feat splendid nicely impressive 
588,lovely great delicious warm 
589,nice tender well seasoned 
590,excited beautiful love enjoy fine best disappointed 
591,awesome gem courteous good fresh warm fried lighter pain fell well flaky perfect nice 
592,well impressive fine great super faultless 
593,favorite rich recommend incredibly perfection best classic fresh complements heaven top win 
594,great right warm goodness perfect enough authentic pleased 
595,promptly spacious nice super fantastic well keen favorite top lemon perfect amazing 
596,gem hassle worth great elegant love fresh tender pretty wildly 
598,gem warm cozy intimate dead perfectly lemon good well 
599,quiet good 
601,good exceptional sweet enough pretty fried perfect best 
603,delicious love perfectly tender perfection favorite good seasoned loved 
604,lemon cold best falling tender 
605,good disappointed delicious right guarantee 
606,picky excellent recommendations cool 
607,happy seasoned enjoyed better perfectly 
608,good best fried satisfied nice cozy 
609,oddly amazing excellent seasoned perfectly 
611,cute cozy intimate favorite refreshing perfectly 
612,nice delicious amazing tenderness picky poorly liked favorite split 
613,knowledgeable great attentive excellent amazing better complaint fresh loved perfect 
614,popular good bad comfortably loved pleasurable delicious recommend enjoyed impressed 
616,freaking good pretty worthy worse 
617,fast fantastic improved incredibly recommendation stellar incredible 
618,recommended gracious good masterpiece well right 
619,love super great recommended nice compliment 
620,cute fav tender 
621,great delicious good split 
622,bump pretty classic 
623,refreshing healthy fresh right trendy miss 
624,sadly nice enough uncomfortable delicious warmer classic fresh lemon fried disappointed 
625,hard perfect delicious liked sophisticated snobby pretty 
626,trick best top welcome sweet better 
627,well sin great loud love fun 
629,blasphemy overpriced numb enjoyed problem good wowed 
630,unworthy snob exceptional best right top yay well loved love good 
631,obsession great excellent strong good miss 
633,good amazing great friendly fast willing expensive 
634,love best great intimate friendly sophisticated precious gems humble loud 
635,good beautiful great spectacular fabulous 
637,favorite wrong enjoy 
638,great resplendent glad helpful killing sensational perfect softer nicely good favorite cold incredible delicious fell sadly flaky terribly sexy consistently marveled nice 
639,best reasonable beautiful delicious 
640,lazy warm amazingly fresh die won tender sneaky clean great recommend 
641,noisy happy infamous well best died 
642,wow right pleasant delicious divine doubt 
643,love fresh delicious well nice good split enjoyed 
644,good love perfect unbelievable favorite fell 
645,greedy recommended perfect cute lemon delicious helpful problem pricey wealthy 
646,awed recommend warm good perfectly tender delectable sweet sufficient enjoy 
647,well super complaint fine enjoyable happy great 
648,great clean cozy refreshing secure impossible splitting delicious favorite wrong good praise fresh fairly 
649,elegant easy good stealing lovely amazing exhausted 
650,fell glad great attentive ineffective distract interesting 
651,disappointed pretty beautifully seasoned better gooood bad memorable fatty sticky sweet super thicker loved 
652,great good hate unfamiliar fancy 
653,fantastic authentic impressive best great break 
655,safely hot crack worth 
656,favorite damn good delicious great 
657,quiet classic fried good best better friendly cheap 
658,beautiful cozy superb amazing exceptional gracious enough well consistent 
660,delicious impressed stranger lucky friendly expensive blatant annoying recommendations rich winner love recommended fabulous great 
661,best good enough joke blow wedge incredible classic modern twists perfectly missed 
662,love promptly enough right good 
663,redundant cleared outstanding perfection nice sweetness good favorite 
665,precisely authentic amazing incredibly recommend thank 
666,good properly recommendation 
667,dead great delight comical 
668,gorgeous warm fortunately knowledgeable well great delicious 
669,prejudice waste better stranger enough trusted unaffected indifferent enjoying praise prideful embarrassment lowly lacking discourteous conceded vexation fairly warmth pride marvelous liberation 
670,failed tired amazing 
671,good difficult well fresh perfection tender reasonable negative worth 
672,loved fresh great warm crowded pricey 
673,best wonderful warm fried enough well 
674,lemon perfect sweetness lovely liked complaint 
675,randomly well favorite crowded 
676,nice friendly great love warm delicious variety sweet well 
677,hot better shame best bad delicious generous fine satisfied 
678,amazing lie right great thank 
679,fabulous good love fresh friendly 
680,great creative warned 
681,amazing variety impressive problem outrageous delicious 
682,love best good fresh weak 
683,wrong pretty 
684,solid best pretty good 
685,prefer hot cold damn audible fresh awesome bonus free 
686,bright top thoughtful recommend happy 
688,amazing sweet scrambled loved well fresh friendly right appreciate glad 
689,best thoughtful liked 
691,worth glad love support friendly good hard amazing great perfect best satisfying well 
692,right fat warm attentive fantastic 
693,recommend love numb easy enthusiastic favorite amazing best knowledgeable passion 
694,lovely worth free 
695,enjoy cool funky love pure awesomeness 
696,nice gold fresh hot nicer 
698,chunky hot delicious perfect sour good favorite enjoyed great excellent 
699,super excited good strange bad 
700,miss fat good loud loved 
701,wow good morons impressed hard zest worth best impress 
702,ready amazing bloody delicious well fresh satisfied clear fried regret nicer 
703,excellent reasonably comfortable unfortunately enjoyment well conservative amazing warm great pretty annoying sucks loved perfectly delicious memorable liked 
704,disappointed enough rich wow great well pig kill 
705,excessive fun deceptively complex miss recommend 
706,rotten worst smug good bewildering weird mess creative masterpieces perfectly enough shock injury rip 
707,refreshing love rich interesting odd enjoy holy good fat super relaxed enjoyed 
708,doubtful sucks awful worst weak lovely frozen friendly prompt 
709,available super delicious defiantly 
710,consistently bland fresh 
711,pretty good right fav miss greasy fat issue 
713,right smell goodness colorful fried hot sweet chilly 
714,boisterous loved festive right fair perfectly fine delicious amazing wrong friendly good bonus cool great 
715,insult injury lack better good 
716,bland warm sucker liked goodness perfectly great fabulous delicious 
717,great awesome healthy good delicious 
718,pleasantly love perfectly pig fresh good perfect complement pretty delicious nice efficient warm 
719,enough well shock fair loose pretentious illegal tortured poor awesome 
720,best generous perfectly perfect complement 
721,enough happy great perfectly delicious best good 
722,confess super happy desert sweet nice 
724,misleading comfortable super best unlimited dying pig good soft heaven sorry pretty fans sweet willing stuck mess cool ready outstanding happy well 
725,hater complains appreciate amazing love lie 
726,gorgeous awesome ideal 
727,worst positive love raving fat cry thirst fried available wonderful 
728,useful problem lacks pleasure enthusiasm bewildering ridiculous fat cracked top enjoy enjoys 
729,right delicious pretty pig 
731,best abound divine favorite enjoyed sneak 
732,crowded pretty worth aggressive unreasonable bad din 
733,good warm bad pretty love delicious well loved wonderful 
734,good mediocre right rich better 
736,wow top dripping nice great killed well 
738,enticing classic lover best sweet love chill 
739,limited right quiet pretty perfectly fried top crisp impressive pig 
741,great good satisfy 
742,trendy happily dead perfectly popular great 
743,right struggle smelled wrong decent delicious pig 
744,promise better terrible excitedly conservative hype incredibly rich fried cozy trendy excellent good 
745,loved good nice rude aggressive 
746,impending best well amuse fav 
747,wow top chill interesting hard pretty well right decent favorite worth 
749,skeptical trump good happy 
751,enough pig recommended 
752,right pretty refreshing perfectly pig well favorite worth 
753,best good rich amazing 
756,favorite sweetness rut great 
758,delicious fun super cool funky hate important 
759,festive complementary favorite refreshing rich comforting cons pleasant super chill 
760,adventurous well refreshing liked worked love crazy balanced lovely 
761,modern cute awesome tender great loved fried friendly pig fatty 
762,delicious pig luxurious good enough compliment 
763,pig prefer authentic pretty disappointing 
764,shit good better perfect 
765,pig pride golden slime delicious 
766,interesting happily disappoint right happy awesome fried perfection amazing wonderful 
768,pretty great weird glad work well slime pleasantly 
769,happy liked liking 
770,scam problem break 
772,impressed delicious fun problems helpful favorite great pretty good bland recommend 
773,delicious fat love perfect best 
774,thank fatty fried sweet properly choke 
775,love reasonable glad refreshing top enough interesting smell seasoned amazing fatty prefer pretty weird affinity perfect great needless 
776,pig top awesome warned tough spectacular nice cool 
777,sleek noisy friendly best bad damn perfect perfectly refreshing tender seasoned cool sweetness delicious wrong recommend pigs pig excited 
778,bother worst mistake best correctly 
779,dope happy best super hot good enough great enjoyed awesome delight kudos 
781,pig good delicious wonderfully nice helpful great pretty 
783,enticing issue great horrid 
784,bad good worked disappointment enjoying untouched nice pig variety 
785,excited hype pretty amazing pig well great recommendations good 
786,bad cute nice fatty good complaint recommended 
787,pig favorite disappointed trendy roomy lonely prefer hesitant adventurous loved pretty fun 
789,great wonderful work cold right wonder pan winner fail delicious love 
790,perfect pretty enough favorite great 
791,pleasantly pretty nicely refreshing glad liked appeal good gripe ridiculous knock 
792,blah top fatty hate competitive entertaining enough pig good pleasant perfect nice cute 
793,right pig cracked hot retarded best nice love decadent good liked trick bad 
794,good appreciated lacked satisfying love 
795,consistent nice 
796,enjoy warm cool friendly attentive enjoyed 
797,beautiful unacceptable helping slow awful 
798,quieter nice enough clearly 
800,annoyed pretty cool right hard garbage dumped great stuffy 
801,drunk awful beautiful sad pariah inconsistency redeeming 
803,glad grand hang available good great pretty efficient 
804,authentic suitable nice well perfect advanced enjoy 
805,die likes interesting enough delicious liked sweet hot 
806,favorite consistently good impeccable wonder gorgeous classy smoke pleasant delicious superb well recommendation worried great dirty cheap enjoying pretty lighter jam top worst fresh funny sour awful wrong lacking popular 
808,top fine relaxed impress 
809,rich lucky happy dark 
810,joke ready hard funny ridiculous decent well 
811,fresh 
812,great lovely strong wonderful 
814,best great succumb lucky quiet recommend delightful worth 
815,wow doubtful elegance awful arrogant amazingly 
816,good helpful spectacular enough nice recommend 
817,appreciate great hot nicely archaic 
819,great lovely perfect wins best amazing wrong delicious well 
820,beautiful courteous good appropriate sweet complement 
821,dark better free nice lemon heavenly warned intriguing whoa sweetness pleasant responsive 
822,sweet bland perfection recommend warm fried delightful perfect enjoyed free priceless 
823,good talent renaissance decent excel deft doubt tender flaky vivid picturesque fresh happy outburst knife blissfully worth interesting dark harmony disappointed failure magic lacks effortlessly disappoint addicted 
826,better 
829,quiet funny dastardly indulgent lighter abundance refreshing impossible gorgeous best delight 
830,intrusive well great 
831,happy variety refused sly crisp sweet problem thank complimentary regard excellent smile 
832,nice pretty elegant upscale stylishly colorful creative beautiful beautifully wonderful good smooth variety top stole well friendly attentive right inventive 
834,nice delicious well deceptively liked gladly 
835,recommend great good 
838,wonderful great convenient good hard stupid tolerable available bad enough 
851,celebratory delicious cheaper happy disappointing afford absurdly obnoxious rich 
854,terribly fairly fresh decent expensive nice fault strangely 
855,terrible cold awesome rude angry nice seasoned excited spotty decent 
859,excuse top lose problem right 
864,charming delay mediocre 
865,well right error 
870,overpriced slow downhill fine suck bothered 
878,sadly great complex decline good 
883,great terrible well spectacular better expensive 
889,great promptly loud anemic stew terrible well tacky quaint 
891,loves lack slow error 
897,refund wrong bad clear break loyalty 
919,gross right 
928,hate unfortunately well worst nice pretty nasty easy hard enough 
931,pretty shame slick good 
932,hated stealing disgusting 
933,best delicious broken comfort cheap 
934,reasonably cheap better 
936,rude happy better drain variety expensive falls cheap harshly 
958,sweet friendly amazing fried good pretty uncomfortably 
1027,great hateful good limp problem lame 
1047,hard enough hot split fried good 
1095,excited unfortunately sad helped 
1111,well fairly modern twist 
1129,wrong attractive well adequate delicious tender 
1171,cold hot dark soft consistent top laughable classy decent excuse recommend mistake 
1172,works well properly worse bug thank 
1174,terrible mess crap enough problem stinks cold smells nasty hell hefty 
1176,mistaken awesome strike clearly needless 
1181,well agreeable great delicious lame terrible dying horrible slow happy 
1201,fine classic expensive love bad simpler 
1206,strange concerned good sorry 
1207,excited smile super great miss bored 
1212,hot well 
1213,sucked neglected 
1226,hard trap peppy great pathetic 
1228,disaster fun colorful impressed wow efficiently problem sick mad blame 
1229,promising beautiful problem death gross forged stall sick ruined favorite 
1231,great limited hot angry hostile 
1232,drunk loses freaking appropriate cool overpriced cheap defiance worth good fresh exhaust helpful frustrating 
1233,fried expensive disorganized well sick accuse 
1235,worth hell issue bad reasonably incredibly wrong great 
1236,incredibly bad strike 
1237,nice free good 
1238,clearly good attraction disappointment freshest fried 
1239,pleasantly right attentive timely gritty bland liked impressed wise fine work ridiculous glad horrible great 
1240,sucks bugs work hate insanely crappy annoying 
1281,good appreciate hell pretty worth 
1291,killer disinterested disappointing fat fried awful stellar love 
1292,love well hard favorite 
1318,weird ridiculous overpriced better 
1319,love lied hell bloody 
1338,healthy great helpful friendly split fat good amazing mediocre 
1361,excited good great nice crowded 
1396,love fresh comfort disappointments bother impossible pretty loud disappointed bland sorry 
1418,rich pain shock good desert 
1420,devastated brilliant well utterly disappointing strained enough squash crisp great satisfying love 
1429,respectful 
1442,shit right mushy displaced nice lied truthfulness better 
1445,sadly negative lovely good enjoy 
1451,poor fried pig best fat love stale 
1462,enjoy disappointment promptly positive fine impatient good mediocre best fortunately timely 
1464,pride liked quiet favor hostage fairly good terrible 
1466,enjoy strict decent trouble 
1467,unfortunately nasty refused better consistently redeeming work significant shortcomings willingly 
1470,amazing wonderful abrasive 
1472,worth delectable damn problem fuzzy burned bright complaining bad negative 
1480,amazing well bad mediocre fried fell allergic 
1485,hype famous decent amazing better best pretty gross delicious 
1487,top nice attentive rich great instantly extravagant 
1488,willing devoid worth 
1491,worst fucking phenomenal scramble nicely well scrambled lie 
1518,kill well ranting problem enough comfortable nicely shocked pretty love prefer amazing lacking sweetness disappointed better ruined good 
1525,popular better good 
1538,well 
1541,right fair good doubt 
1576,worth work good damn pretty satisfied 
1584,free boring bland better 
1588,bland sour pretty nice 
1593,crazy great smell excited love heaven headache top best fried crisp enough nice die good recommend 
1599,fried problem better 
1612,split splendid better 
1628,guarantee sadly bland lacked enjoy 
1637,worth popular pretty good divine fried awesome cold better misery 
1641,good great 
1657,right good hot wow odd smooth delusions awfully mediocre bland pretty bad hard complain golden soft remedy debacle better disappointed 
1661,sorely disappointed brave infamous well best miserably clearly choke sour bland mistake 
1677,pros cons fried sour pretty 
1686,snob fried good impressed 
1688,ridiculously mediocre better good fall trap 
1700,delicious instantly good fine better scrambled jam fav 
1709,best great unacceptable rude negative good right misunderstandings mistakes decency misunderstood cold loved happy poor amazing bad wonder 
1732,pretty good fried scramble favorite noteworthy 
1747,love unfortunately freezing 
1749,famous delicious dense dominated pretty top greasy sour hell reputation shit better good crack love embarrassment 
1772,good worth hassle hell sweet better mess knife boring perfect amazing 
1783,disappointment crazy appreciate recommend 
1793,fried disappointment better hum good comfort great warned 
1813,hype terrible wonderful pretty hard 
1882,pretty worst bad 
1884,cheapest 
1886,best memorable hot bugs leaking steal warm decent 
1888,greatest injustices greasy sweet cruelly unfortunate best worst pretty good worse cold well grand charming decrepit gross impossibly phenomenal bizarre fine unclean decent 
1948,good nice bland shit better 
1949,wrong incorrect nice fresh well good 
1960,right disaster better 
1991,mediocre bland top bad nice ready great awesome 
1999,disgusting mess lacks variety shame stellar waste miraculously lonely 
2007,poorly fault 
2031,great lacking flirty spoiled smell rich best enjoy 
2048,wonder impress ignorance soft expensive hefty worth overpriced 
2054,romantic chilly cold best confused worth squash 
2059,fair honest lied good poor cramped rude clean better fairly lack skill 
2095,good suffer problem overpriced better right painfully 
2103,hot great cold top nice 
2116,inflated master worse frozen bland boring mushy 
2127,bumping cheap bland confusing enjoyed good enjoy smelled strong impressed impressive exciting 
2134,innovative friendly uncomfortably cool awkward fun uncomfortable die nice efficient puzzled cozy clearly bad thank 
2138,cute great hot dominated best crazy failed 
2185,complained problems tender mushy tough peeled enough hot frozen fresh reasonable better 
2205,strict fried good 
2206,issue sweet sour mistake good work rumors 
2209,great idiot top polite horrible disappointed 
2210,fault unacceptable refused mess boiling horrible angry enjoyable 
2211,hate rude afford bad 
2219,fell disappoint honest loud unbearable lacking better good nice ready 
2221,pretty good liked well sweet enjoyed 
2229,bad super worth free 
2231,better rude great attentive 
2241,thrilled impatient good awful 
2243,womanizing steal cracked mad drunk 
2248,worst wrong decent cheap fun 
2249,jam worse better proper hectic mess crap 
2251,desperate sweet right top cool 
2255,important annoyance clearly handy freaking fine pretty enjoy bland unable obnoxious snarl stupid merit furiously loose awkward uncomfortable hefty illegal 
2265,super impressed fun gorgeous bad nice best scrap bland correctly better 
2273,mediocre nicely smiles good loud bad 
2275,bad good problem pretty enough lost annoyed refuses 
2282,wow mistake attentive loves good hate 
2291,blah worth great good 
2292,well 
2296,good lack fell wow bloody great hot nice delicious confused sorry better 
2299,memorable best slow overpriced liked great slower fast 
2333,horrible worst crazy right hot bad 
2337,trendy popular terrible enjoyment good 
2342,glorious cold stupidly worth top crumpled clear smartly irony interesting ordeal 
2345,accuse decent crap enjoy welcome worse lukewarm clearly frozen top sweet good disappointing well better 
2353,strange wrong lacked pan fried nice appreciated 
2365,better excited skinny optimal garbage appealing disappointment 
2368,knock fine pretty overpriced great well worth happy fair decent 
2372,dark greasy sick loves prefer 
2378,issue problem enjoy nice bad insulted skinny complaining solid worst 
2383,love cheap recommend 
2384,lost problem better good 
2385,unlucky good well loved bad wrong recommended 
2387,horrible bad mediocre bother cheap 
2388,expensive fault happy 
2390,prompt decent ridiculous lovely hurting good worth 
2392,missed good excellent better 
2426,decent lacked zest good 
2435,genuine good pale fault outstanding bad sloppy love best sorry ugly correct free better 
2438,friendly passion strong blur memorable rival bad worth excited good 
2442,hype authentic delicious well fried recommendations hard soft prefer break hang clean 
2443,unfamiliar struggled classic fried top better bland redeeming fresh blah 
2447,soapy scrap funny best confused bland authentic amazing decent bad 
2455,complain ruining irony best disappointed fine successful snag annoyed affable interesting good bad wow works great erroneously bother favorite nice disliked enjoyment sticky tough travesty better kudos bum dies unreal ruined 
2459,better lose cold slow 
2464,disappointment good weird ruined strange crappy issue pathetic flake waste 
2465,well hate hurt great bad work happy 
2480,pretty terrible hate drunk defunct 
2482,best enough blame gross tough good bizarre deny free crazy awkward falls terribly hard cheap 
2483,enough issue well good decent disappointing greasy dark tired dirty issues 
2486,honest best miss 
2523,break amazed wonderful worse poor chill warm happy appreciate fun tricked trust fuss hard fine ridiculous top nasty well nice loved 
2534,unfortunate shit well complain incredulous decent overpriced better available 
2541,lacking better worth shabby idiot 
2544,disappointed disappointments badly boom bad junk annoyingly 
2560,good apocalypse best hard dense disappointing 
2563,atrocious awful incredibly frustrated disgusting proper poor antagonize good nice trust 
2570,delicious hell adequate bad overpriced dull 
2589,scrambled promising good unusual bland jam pretty friendly 
2599,fresh fantastic unfortunately good great better 
2613,fell hate courteous enough pretty efficient smells awful 
2626,good satisfy love worst miserable 
2658,sorry lemon crumble liked bad worth strong 
2663,better tired pretty good bitter decent recommended pleasant missed cool tender enjoy 
2682,good liked ridiculous fried pretty correctly 
2684,strange 
2691,reasonable timely excited great sweet love imperfectly top burning crap disillusionment best good confused acclamation crappy 
2700,stellar impressive doubt overrated well nice attentive disappointed disappointing pain bothered cold wrong disappointment fair great trick better 
2708,explosive crowded best 
2711,pretentious ready mediocre fried sorry amazing fancy blah 
2720,recommend great 
2730,cute seasoned good frozen gross happy 
2737,needless easier 
2741,poor love discriminate bland cool hard mess good ruined poorly disappointed right 
2742,bad sweet fried dense good 
2751,liked cool warm beg cold horrible 
2752,expensive worth great lack popular good amazing fav killed bright 
2755,disappointed scrambled enough excited 
2770,cute awesome well decent mess nice 
2812,famous overwhelming cold smile 
2814,warning top good 
2822,loving hell wrong comfort hard unfamiliar strange annoy shit worth better 
2834,good disappointment interesting worth ready pretty pathetic nice cute liking wise satisfying top hot overpriced best 
2847,mad 
2859,disappointment issues work enough bored 
2864,right mushy beware bad worth wrong best 
2865,dim classic stable glad desperate right works nice 
2876,problem wrong comical 
2886,complimentary slow great well enjoy polite clearly coward upset good worst enemy 
2887,nice snobbish compliment bland 
2901,fresh well good wow disappointment bland lacking crisp 
2904,terrible ruin hot pricey butcher angry 
2994,decent fun positive stranger 
3005,beautiful lovely patiently bothering bad friendly wrong cold patience nice worst 
3011,best peeve available 
3014,unfortunately good right drunk enjoyed bad 
3017,weird love great 
3040,well bothered right lazy bad great lacked 
3041,trash smelled shit wonder weird pretty roomy odor 
3051,favorite gross disappointing 
3057,right bizarre cool trendy enough 
3061,crisp colorful cute happy outrageous disturbed healthy ugh sweet enough fat good harassment 
3067,great friendly complimentary rich 
3068,fine hostile hospitable great joy 
3074,problems good greasy issue untouched swamped wrong 
3091,dark bad refused complained worth crazy incompetent 
3093,good seasoned sweet tough top bother fake attentive fresh nice poor hot 
3094,free ready fresh 
3099,worse terrible great love mess messed falling awful fried exaggeration disappointing well best 
3100,great nice stuck fried boring stereotypical bland unappealing 
3139,enough crap bad better 
3148,pricey hot strange good fat 
3157,problematic sweet mediocrity mediocre funny 
3159,nice fat qualm pleasant hard good cheesy fine 
3170,nice roomy pretty critical free warm cold delicious soft missed manic lie awesome 
3171,incorrectly unfortunately 
3184,pluses nice liked feeble clearly mess die 
3185,hate awful frozen infamy insane ignorance 
3194,cold annoyed outstanding pros 
3204,confused good right ready proper mystery 
3214,good 
3217,limited fresh 
3223,better bad slow good frozen well hard 
3227,expensive satisfying spacious 
3235,hard pretty terrible problem 
3238,enjoy rude right clearly great free upset better suck horrible cheap fair 
3239,comfort mashed 
3243,bad worse clearly good 
3246,annoying good decent hard 
3249,excited bad bitter top right disruptive faults fault 
3253,limit humble great sad eagerly smiling ready sorry wrinkled generous lost well 
3269,intimate sour cozy obnoxious loud hard limited pretty ripped tentative strike right bland well thank 
3279,good 
3291,sad weak good bland 
3293,good free fried nice bad 
3294,appeal good problem 
3296,dripping stranger great limp greasy well bother worth 
3303,worry unhealthy easiest outstanding beautiful welcome knock good 
3308,pleasure nice pretty bothered disappointed indifferent 
3312,good disappointed fresh 
3320,mediocre passion hard favorite 
3331,well split frustrated top wow sucked crazy better messing love 
3340,disappoint top tops 
3347,perfect well loud 
3349,hate begging crappy spontaneous fail awful fine disgusting hard nice bad 
3356,delicious annoyed frozen cool rude bother enjoy 
3360,good friendly great worse pretty warm snobby convenience powerful enough 
3363,disappointing slow quicker better 
3366,lack good clearly vomit magic stale perfect enough fresh fried better 
3369,sorry sticky hot miss bland 
3370,horrible recommended cheap bad damned wow good well willing redeem ruin better worse horrendous happy top aching spilling ridiculous fell enough needless damn waste 
3374,fine losing patience better noisier recommend great enjoyed 
3384,consistently unfortunately pretty 
3399,bland loud better 
3402,issue 
3419,unpleasant annoying nice enjoy horrible 
3420,pan fair odd right well pitiful spilling valuable sharply missed perfunctory distract loud pointless pleasant detract 
3434,extraordinarily ugh enough 
3436,appeal sweet good hot enough blind 
3439,favorite unabashed disdain respect clean best humility shame sweet nice loss 
3441,favorite hot popular variety well grand unfortunately slowly downhill bland scramble miss 
3448,concerned negatives wretched strong sneak well enjoyed attack decadent good super overwhelmingly enough dense lumpy 
3456,disappointed frustrated lack bad odd right 
3477,relaxed bad loved fragrant nauseating 
3504,fell love best disappointment rude reliable 
3523,well impressed disappointed poor pains best fears good perfectly nice winner outstanding cold rapid delicious fair great recommend 
3526,crowded noisy decent pretty joke improvement unfortunately favorite 
3540,mediocre well nicer helpful better 
3545,good messes glorious robust bland sweet blah excited indulge boring failed delicious grainy 
3546,well nice cool clean dirty bad poor unfortunate nonexistent smell hated 
3549,attractive important 
3563,nice right gross disgusting shocked plentiful excellent raving 
3585,unfortunate right nice happy great perfect mess satisfied super bad pretty good disappointed better love enjoys fine upset 
3586,cool good shockingly bad galore bland fiery 
3588,bad terrible plusses work awesome enjoyed realistic fine issues right well magic fell sloppy crazy shame boring 
3590,love fell bland illegal inexpensive 
3595,pros greasy recommend 
3601,nice greasy neat support good 
3603,properly better dirty recommend 
3607,excited hard mediocrity cool rude great well good reasonably 
3610,excited attack worst gush guilt regret 
3613,sorry critical optimistic better interesting weird nice cool awful 
3624,sloppy hot douchebag 
3633,excited right comfy darker good fairly cold odd desirable better bitter acrid great 
3640,smiles best sink right good 
3661,better good top crap 
3678,problem good unhappy harsh 
3681,hurt work 
3694,good impossible top suffered bumped happy lack pretty 
3705,tragic well neat phenomenal beware lacking poorly 
3715,worst belittled better favor 
3727,unbelievable dragged nice best destroy 
3735,bad celebrate super cold unfortunately irritate hot loud sweet well famed mediocrity hell clearly good excuse poor lousy bother 
3742,good well unbelievable impossible bad lying 
3747,good best terrific concern well 
3749,work dark problems bad isolated better 
3764,worried ready hopeful miraculously stuffy 
3777,fantastic enjoyed delicious fatty kudos fried bonus better drunken 
3786,decent complain rude hard pain 
3788,cold worst lacked loves 
3795,horrible tired bad worn sad annoyed best pretty 
3850,patronize bad support struggle buzzing fine annoying hot appeal fail stew well ridiculous favor 
3855,good hot well great fresh 
3861,awesome hard well good ghastly goodness bad strange poor 
3864,nicely hard welcome missed golden happy suspect fault clearly guarantee 
3871,mediocre bland polished burn 
3880,better positive lovely sweet mushy messy fine well hot bitter bad hard cheap sadly satisfy 
